Date,Airline,Flight,From,To,Aircraft Type Name
2007-10-20,CES,579,NKG,ICN,Airbus A320
2007-10-24,AAR,8121,TAE,CJU,Boeing 737-400
2007-10-26,CES,2072,CJU,PVG,Airbus A320
2008-07-11,CES,2701,NKG,TAO,Airbus A320
2008-07-15,CES,2702,TAO,NKG,Airbus A320
2009-08-06,CES,5790,NKG,KMG,Boeing 737
2009-08-11,CES,5791,KMG,NKG,Boeing 737
2011-07-28,CES,765,NKG,HKG,Airbus A321
2011-08-01,CES,766,HKG,NKG,Airbus A321
2012-08-05,DAL,128,PEK,SEA,Boeing 767
2012-09-02,DAL,129,SEA,PEK,Boeing 767
2014-07-29,UIA,175,YNZ,TPE,Airbus A321
2014-08-05,UIA,176,TPE,YNZ,Airbus A321
2016-08-14,QTR,871,PVG,DOH,Boeing 777-300 ER
2016-08-16,QTR,125,DOH,VCE,Airbus A330-200
2016-09-07,QTR,126,VCE,DOH,Airbus A330-200
2016-09-08,QTR,870,DOH,PVG,Boeing 777-300 ER
2018-07-03,CRK,239,SHA,HKG,Airbus A350-900
2018-07-04,CRK,616,HKG,KIX,Airbus A330-300
2018-07-11,CRK,617,KIX,HKG,Airbus A330-300
2018-07-11,CRK,234,HKG,PVG,Airbus A330-300
2019-04-30,CCA,4542,SHA,CKG,Boeing 737-800
2019-05-05,CHH,7961,CKG,PVG,Boeing 787-9
2019-11-10,CCA,1893,PVG,SZX,Airbus A330-200
2019-11-12,CSZ,9511,SZX,SHA,Airbus A330-300
2019-12-25,CES,5814,SHA,KMG,Boeing 737-800
2019-12-25,CES,757,KMG,KTM,Boeing 737-800
2019-12-28,BHA,617,KTM,PKR,ATR 42 / ATR 72
2019-12-30,BHA,643,PKR,BHR,Hawker Beechcraft 1900D
2020-01-01,BHA,352,BHR,KTM,ATR 42 / ATR 72
2020-01-01,CES,758,KTM,KMG,Boeing 737-700
2020-01-02,CES,5801,KMG,SHA,Boeing 737-800
2020-05-29,CES,5403,PVG,CTU,Airbus A350-900
2020-05-31,CES,5296,CTU,PVG,Airbus A320
2020-06-22,CES,5663,SHA,XMN,Airbus A320neo
2020-06-24,CXA,8225,XMN,CSX,Boeing 737-800
2020-06-27,CSH,9392,CSX,SHA,Boeing 737-800
2020-07-07,CHH,7208,PVG,SZX,Boeing 787-8
2020-07-07,DKH,1202,SZX,SHA,Boeing 787-9
2020-07-12,CES,9720,SHA,LJG,
2020-07-13,CES,9640,LJG,XIY,Airbus A319
2020-07-13,CES,2165,XIY,SHA,Airbus A320neo
2020-07-18,CES,5263,PVG,ZUH,Airbus A321
2020-07-19,CSN,3755,ZUH,PVG,Boeing 737-800
2020-07-25,CSH,9463,SHA,KWE,Airbus A321
2020-07-26,CCA,4563,KWE,PVG,Airbus A320neo
2020-07-31,CSN,2179,SHA,KMG,Airbus A330-300
2020-08-01,CES,5811,KMG,SHA,Boeing 737-800
2020-08-08,CES,2401,PVG,TYN,Boeing 737-800
2020-08-09,CES,2406,TYN,SHA,Boeing 737-800
2020-08-15,CSH,9305,SHA,CAN,Boeing 787-9
2020-08-16,CES,5310,CAN,SHA,Airbus A330-200
2020-08-22,CSH,9131,SHA,TSN,Boeing 737-800
2020-08-23,CCA,1527,TSN,SHA,Boeing 737-800
2020-08-29,CES,7071,PVG,JJN,Airbus A320neo
2020-08-30,CSZ,8723,JJN,PVG,Airbus A320
2020-09-05,CES,2335,PVG,XIY,Airbus A350-900
2020-09-05,CES,2335,XIY,LXA,Airbus A319
2020-09-06,CES,2336,LXA,XIY,Airbus A319
2020-09-06,CES,2336,XIY,SHA,Airbus A321
2020-09-12,CES,5105,SHA,PEK,Boeing 777-300 ER
2020-09-13,CES,5124,PEK,SHA,Boeing 777-300 ER
2020-09-19,CES,2225,PVG,XNN,Airbus A320neo
2020-09-20,CES,2226,XNN,PVG,Airbus A320neo
2020-09-26,CSH,9433,PVG,ZHA,Boeing 737-800
2020-09-27,CES,2798,ZHA,NKG,Airbus A320
2020-10-03,CES,7279,SHA,WUH,Airbus A320
2020-10-04,CES,7100,WUH,SHA,Airbus A320neo
2021-01-09,DKH,1111,SHA,SZX,Boeing 787-9
2021-01-10,CSZ,9515,SZX,SHA,Airbus A330-300
2021-03-09,CCA,1961,PVG,NNG,Airbus A321
2021-03-11,DKH,1172,NNG,PVG,Airbus A320
2021-04-22,CES,2007,PVG,MFM,Airbus A321
2021-04-24,DKH,1298,MFM,PVG,Airbus A321
2021-05-05,CCA,1862,SHA,PEK,Boeing 747-8
2021-05-07,CCA,1519,PEK,SHA,Boeing 777-300 ER
2021-05-31,CSN,5791,PVG,XIY,Airbus A330-200
2021-06-01,CSH,9204,XIY,SHA,Boeing 787-9
2021-06-12,CCA,8644,YTY,PKX,Boeing 737-800
2021-06-13,CSN,8879,PKX,SHA,Airbus A350-900
2021-06-28,CES,5623,PVG,DLC,Airbus A320neo
2021-06-29,CSN,3685,DLC,PVG,Airbus A320
2021-07-27,CPA,367,PVG,HKG,Boeing 777-300 ER
2021-07-28,CPA,880,HKG,LAX,Airbus A350-1000
2021-07-31,DAL,2755,LAX,ATL,Boeing 757-300
2021-08-01,DAL,5013,ATL,TLH,"Bombardier CRJ900 "
2021-10-16,AAL,5888,TLH,DFW,"Bombardier CRJ900 "
2021-10-16,AAL,2798,DFW,SFO,Airbus A321
2021-10-17,DAL,967,SFO,ATL,Boeing 737-900ER
2021-10-18,DAL,5013,ATL,TLH,"Bombardier CRJ900 "
2021-11-25,AAL,5082,TLH,DCA,Bombardier CRJ700
2021-11-27,AAL,5597,DCA,TLH,Bombardier CRJ700
2021-12-29,AAL,5529,TLH,CLT,Bombardier CRJ700
2021-12-29,UAL,5384,CLT,DEN,Embraer 175
2022-01-03,AAL,1328,DEN,CLT,Airbus A321
2022-01-03,AAL,5700,CLT,TLH,"Bombardier CRJ900 "
2022-03-15,DAL,2511,TLH,ATL,Boeing 737-800
2022-03-15,DAL,1725,ATL,ORD,Airbus A321
2022-03-17,DAL,929,ORD,ATL,Airbus A321
2022-03-17,DAL,1570,ATL,TLH,Airbus A321
2022-05-07,DAL,1745,TLH,ATL,Airbus A320
2022-05-07,DAL,400,ATL,EWR,Airbus A319
2022-05-10,DAL,684,JFK,ATL,Boeing 737-900ER
2022-05-10,DAL,1570,ATL,TLH,Airbus A320
2022-07-22,AAL,5548,TLH,CLT,"Bombardier CRJ900 "
2022-07-22,AAL,2452,CLT,LAS,Airbus A321
2022-07-27,DAL,660,LAS,ATL,Boeing 757-300
2022-07-28,DAL,1402,ATL,TLH,Boeing 717-200
2022-11-09,AAL,3592,TLH,MIA,Embraer 175
2022-11-09,AAL,258,MIA,PHX,Boeing 787-8
2022-11-09,AAL,2757,PHX,SAN,Boeing 737-800
2022-11-16,AAL,2500,SAN,MIA,Airbus A321
2022-11-17,AAL,3858,MIA,TLH,Embraer 175
2022-12-11,AAL,3667,TLH,DFW,Embraer 175
2022-12-11,AAL,1574,DFW,LAX,Airbus A321neo
2022-12-14,AAL,2421,LAX,DFW,Airbus A321neo
2022-12-14,AAL,3833,DFW,TLH,Embraer 175
2023-06-26,AAL,3448,TLH,DFW,Embraer 175
2023-06-26,AAL,395,DFW,ANC,Airbus A321neo
2023-07-02,AAL,1309,ANC,ORD,Boeing 737 MAX 8
2023-07-03,AAL,791,ORD,MIA,Boeing 737 MAX 8
2023-07-03,AAL,3451,MIA,TLH,Embraer 175
2023-09-29,SIL,79,TLH,FLL,ATR 72
2023-10-02,SIL,79,FLL,TLH,ATR 72
2023-11-10,AAL,5082,TLH,DCA,Bombardier CRJ700
2023-11-15,AAL,5597,DCA,TLH,Bombardier CRJ700
2024-10-04,AAL,5198,TLH,CLT,"Bombardier CRJ900 "
2024-10-04,AAL,536,CLT,ORD,Airbus A321
2024-10-09,AAL,1086,ORD,CLT,Boeing 737-800
2024-10-09,AAL,5764,CLT,TLH,Embraer RJ145
2024-12-12,DAL,1683,TLH,ATL,Boeing 737-800
2024-12-12,DAL,629,ATL,SEA,Airbus A321neo
2024-12-14,JBU,498,SEA,BOS,Airbus A321
2024-12-17,DAL,322,BOS,ATL,Airbus A321
2024-12-17,DAL,2370,ATL,TLH,Boeing 737-800
2025-03-07,DAL,848,TLH,ATL,Boeing 717-200
2025-03-07,DAL,823,ATL,SFO,Boeing 737-900ER
2025-03-11,DAL,690,SFO,ATL,Boeing 737-900ER
2025-03-12,DAL,5215,ATL,TLH,"Bombardier CRJ900 "
2025-05-17,AAL,5065,TLH,DFW,"Bombardier CRJ900 "
2025-05-17,AAL,558,DFW,SLC,Boeing 737-800
2025-05-24,AAL,519,SLC,CLT,Airbus A321
2025-05-25,AAL,5675,CLT,TLH,"Bombardier CRJ900 "
2025-06-23,AAL,3858,TLH,MIA,Embraer 175
2025-06-24,AAL,4226,MIA,TLH,Embraer 175
2025-08-04,AAL,3858,TLH,MIA,Embraer 175
2025-08-04,AAL,551,MIA,PHL,Boeing 787-8
2025-08-04,AAL,5923,PHL,BUF,Embraer RJ145
2025-08-05,DAL,5654,BUF,LGA,Embraer 170
2025-08-05,DAL,5396,LGA,BGR,"Bombardier CRJ900 "
2025-08-08,AAL,3293,BGR,PHL,Airbus A319
2025-08-08,AAL,2498,PHL,CLT,Boeing 737-800
2025-08-08,AAL,6110,CLT,TLH,Embraer RJ145
2025-09-28,AAL,6119,TLH,CLT,Embraer RJ145
2025-09-28,AAL,2176,CLT,MSP,Boeing 737-800
2025-10-04,AAL,1395,MSP,DFW,Boeing 737-800
2025-10-04,AAL,5109,DFW,TLH,Bombardier CRJ700
2025-11-14,AAL,6068,TLH,CLT,Embraer RJ145
2025-11-14,AAL,1954,CLT,SAN,Airbus A321
2025-11-19,SWA,2891,SAN,LAS,Boeing 737 MAX 8
2025-11-20,AAL,2931,LAS,CLT,Airbus A321
2025-11-21,AAL,6009,CLT,TLH,Embraer RJ145
2025-12-16,AAL,3966,TLH,MIA,Embraer 175
2025-12-18,UAL,298,FLL,EWR,Boeing 737 MAX 8
2025-12-20,AAL,2779,LGA,MIA,Boeing 737 MAX 8
2025-12-20,AAL,3451,MIA,TLH,Embraer 175
2026-04-14,DAL,1727,TLH,ATL,Boeing 717-200
2026-04-14,DAL,837,ATL,HNL,Airbus A330-300
2026-04-14,HAL,1186,HNL,OGG,Boeing 717-200
2026-04-17,HAL,1049,OGG,LIH,Boeing 717-200
2026-04-18,HAL,1120,LIH,KOA,Boeing 717-200
2026-04-23,ASA,1061,ITO,HNL,Boeing 717-200
2026-04-24,DAL,309,HNL,ATL,Airbus A330-300
2026-04-25,DAL,2563,ATL,TLH,Boeing 717-200
2026-06-16,AAL,3820,TLH,MIA,Embraer 175
2026-06-18,AAL,3820,MIA,TLH,Embraer 175
2026-07-12,DAL,3064,TLH,ATL,Boeing 717-200
2026-07-12,DAL,481,ATL,SEA,Boeing 737-900ER
2026-07-25,DAL,562,SEA,ATL,Boeing 757-300
2026-07-25,DAL,1868,ATL,TLH,Boeing 717-200
